Country (exonym),Capital (exonym),Country (endonym),Capital (endonym),Official or native language
[],[],[],[],[]
['Afghanistan'],['Kabul'],"['Afġānistān', 'افغانستان']","['Kabul', 'كابل']","['Pashto', '/', 'Dari', '(', 'Arabic script', ')\n']"
['Albania'],['Tirana'],['Shqipëria'],['Tirana'],"['Albanian', '\n']"
['Algeria'],['Algiers'],"['Dzayer', 'ⴷⵣⴰⵢⴻⵔ', ""Al-Jazā'ir"", 'الجزائر']","['Dzayer', 'ⴷⵣⴰⵢⴻⵔ', ""Al-Jazā'ir"", 'الجزائر']","['Berber language', '(', 'Tifinagh script', ')', 'Arabic', '(', 'Arabic script', ')\n']"
['American Samoa'],['Pago Pago'],"['Amerika Sāmoa', 'American Samoa']","['Pago Pago', 'Pago Pago']","['Samoan', 'English', '\n']"
['Andorra'],['Andorra la Vella'],['Andorra'],['Andorra la Vella'],"['Catalan', '\n']"
['Angola'],['Luanda'],"['Angola', 'Ngola']","['Luanda', 'Lwanda']","['Portuguese', ' ', 'Kongo', '\n']"
['Anguilla'],['The Valley'],['Anguilla'],['The Valley'],"['English', '\n']"
['Antigua and Barbuda'],"[""Saint John's""]",['Antigua and Barbuda'],"[""St. John's""]","['English', '\n']"
['Argentina'],['Buenos Aires'],['Argentina'],['Buenos Aires'],"['Spanish', '\n']"
['Armenia'],['Yerevan'],"['Hayastán', 'Հայաստան']","['Yerevan', 'Երևան']","['Armenian', '(', 'Armenian alphabet', ')\n']"
['Aruba'],['Oranjestad'],['Aruba'],['Oranjestad'],"['Dutch', ', ', 'Papiamento', '\n']"
['Australia'],['Canberra'],['Australia'],['Canberra'],"['English', '/', 'Aboriginal languages', '\n']"
['Austria'],['Vienna'],['Österreich'],['Wien'],"['German', '\n']"
['Åland'],['Mariehamn'],"['Åland', 'Ahvenanmaa']","['Mariehamn', 'Maarianhamina']","['Swedish', 'Finnish', '\n']"
['Azerbaijan'],['Baku'],['Azərbaycan'],['Bakı'],"['Azerbaijani', '\n']"
[],[],[],[],[]
['The Bahamas'],['Nassau'],['The Bahamas'],['Nassau'],"['English', '\n']"
['Bahrain'],['Manama'],"['Al-Baḥrayn', 'البحرين']","['Al-Manāmah', 'المنامة']","['Arabic', '(', 'Arabic script', ')\n']"
['Bangladesh'],['Dhaka'],"['Bānglādesh', 'বাংলাদেশ']","['Dhākā', 'ঢাকা']","['Bengali', '(', 'Bengali script', ')\n']"
['Barbados'],['Bridgetown'],['Barbados'],['Bridgetown'],"['English', '\n']"
['Belarus'],['Minsk'],"['Bielaruś', 'Беларусь', 'Belarus', 'Беларусь']","['Minsk', 'Мінск', 'Minsk', 'Минск']","['Belarusian', '(', 'Cyrillic script', ')', 'Russian', '(', 'Cyrillic script', ')\n']"
['Belgium'],['Brussels'],"['België', 'Belgique', 'Belgien']","['Brussel', 'Bruxelles', 'Brüssel']","['Dutch', 'French', 'German', '\n']"
['Belize'],['Belmopan'],['Belize'],['Belmopan'],"['English', '\n']"
['Benin'],['Porto-Novo'],['Bénin'],['Porto-Novo'],"['French', '\n']"
['Bermuda'],['Hamilton'],['Bermuda'],['Hamilton'],"['English', '\n']"
['Bhutan'],['Thimphu'],"['Druk Yul', 'འབྲུག་ཡུལ']","['Thimphu', 'ཐིམ་ཕུ']","['Dzongkha', '(', 'Tibetan alphabet', ')\n']"
['Bolivia'],['La Paz'],"['Bolivia', 'Buliwya', 'Wuliwya', 'Volívia']","['La Paz', 'Chuqiyapu', 'Chuqiyapu', 'La Paz']","['Spanish', 'Quechua', 'Aymara', 'Guaraní', '\n']"
['Bonaire'],['Kralendijk'],['Bonaire'],['Boneiru'],"['Dutch', '\n']"
['Bosnia and Herzegovina'],['Sarajevo'],"['Bosna i Hercegovina', 'Босна и Херцеговина']","['Sarajevo', 'Сарајево']","['Bosnian', ', ', 'Croatian', '(', 'Latin script', ')', 'Serbian', '(', 'Cyrillic script', ')\n']"
['Botswana'],['Gaborone'],['Botswana'],['Gaborone'],"['English', ', ', 'Tswana', '\n']"
['Brazil'],['Brasília'],['Brasil'],['Brasília'],"['Portuguese', '\n']"
['British Virgin Islands'],['Road Town'],['British Virgin Islands'],['Road Town'],"['English', '\n']"
['Brunei'],['Bandar Seri Begawan'],"['Brunei', 'بروني']","['Bandar Seri Begawan', ' or ', 'Bandar', 'باندر سري بڬاون']","['Malay', '(', 'Jawi script', ')\n']"
['Bulgaria'],['Sofia'],"['Bălgariya', ' or ', 'Bălgarija', 'България']","['Sofiya', ' or ', 'Sofija', '[5]', 'София']","['Bulgarian', '(', 'Cyrillic script', ')\n']"
['Burkina Faso'],['Ouagadougou'],['Burkina Faso'],['Ouagadougou'],"['French', '\n']"
['Burundi'],['Gitega'],"['Uburundi', 'Burundi']","['Gitega', 'Gitega']","['Kirundi', ' ', 'French', '\n']"
[],[],[],[],[]
['Cambodia'],['Phnom Penh'],"['Kămpŭchéa', 'កម្ពុជា']","['Phnum Pénh', 'ភ្នំពេញ']","['Khmer', '(', 'Khmer script', ')\n']"
['Cameroon'],['Yaoundé'],"['Cameroun', 'Cameroon']","['Yaoundé', 'Yaoundé']","['French', 'English', '\n']"
['Canada'],['Ottawa'],['Canada'],['Ottawa'],"['English', ', ', 'French', '\n']"
['Cape Verde'],['Praia'],['Cabo Verde'],['Praia'],"['Portuguese', '\n']"
['Cayman Islands'],['George Town'],['Cayman Islands'],['George Town'],"['English', '\n']"
['Central African Republic'],['Bangui'],"['Centrafrique', 'Bêafrîka']","['Bangui', 'Bangî']","['French', 'Sango', '\n']"
['Chad'],"[""N'Djamena""]","['Tchad', 'Tšād', 'تشاد']","['Ndjamena', 'Nijāmīnā', 'نجامينا']","['French', 'Arabic', '(', 'Arabic script', ')\n']"
['Chile'],['Santiago'],['Chile'],['Santiago'],"['Spanish', '\n']"
['China'],['Beijing'],"['Zhōngguó', ' (Zhōnghuá Rénmín Gònghéguó)', '中国 (中华人民共和国)']","['Běijīng', '北京']","['Mandarin Chinese', '(', 'Chinese characters', ')\n']"
['Christmas Island'],['Flying Fish Cove'],['Christmas Island'],['Flying Fish Cove'],"['English', '\n']"
['Cocos Islands'],['West Island'],['Cocos Islands'],['West Island'],"['English', '\n']"
['Colombia'],['Bogotá'],['Colombia'],['Bogotá'],"['Spanish', '\n']"
['Comoros'],['Moroni'],"['Komori', 'Juzur al-Qamar', 'جزر القمر', 'Comores']","['Moroni', 'Moroni', 'موروني', 'Moroni']","['Shikomor', 'Arabic', '(', 'Arabic script', ')', 'French', '\n']"
['Republic of the Congo'],['Brazzaville'],"['République du Congo', 'Repubilika ya Kôngo', 'Republíki ya Kongó']","['Brazzaville', 'Balazavile', 'Brazzaville']","['French', 'Kongo', 'Lingala', '\n']"
['Democratic Republic of the Congo'],['Kinshasa'],"['République démocratique du Congo', 'Republíki ya Kongó Demokratíki', 'Repubilika ya Kôngo ya Dimokalasi', 'Jamhuri ya Kidemokrasia ya Kongo']","['Kinshasa', 'Kinsasa', 'Kinsásá', 'Kinshasa']","['French', 'Kongo', 'Lingala', 'Swahili', '\n']"
[],['Avarua'],"['Cook Islands', ""Kūki 'Āirani""]","['Avarua', 'Avarua']","['English', ' ', ' ', 'Cook Islands Māori', '\n']"
['Costa Rica'],['San José'],['Costa Rica'],['San José'],"['Spanish', '\n']"
"[""Côte d'Ivoire""]",['Yamoussoukro'],"[""Côte d'Ivoire""]",['Yamoussoukro'],"['French', '\n']"
['Croatia'],['Zagreb'],['Hrvatska'],['Zagreb'],"['Croatian', '\n']"
['Cuba'],['Havana'],['Cuba'],['La Habana'],"['Spanish', '\n']"
['Curaçao'],['Willemstad'],"['Curaçao', 'Kòrsou', 'Curaçao']","['Willemstad', 'Willemstad', 'Willemstad']","['Dutch', 'Papiamento', ' ', 'English', '\n']"
['Cyprus'],['Nicosia'],"['Kypros', 'Κύπρος', 'Kıbrıs']","['Lefkosia', 'Λευκωσία', 'Lefkoşa']","['Greek', '(', 'Greek alphabet', ')', 'Turkish', '\n']"
['Czech Republic'],['Prague'],"['Česká republika', 'Česko']",['Praha'],"['Czech', '\n']"
[],[],[],[],[]
['Denmark'],['Copenhagen'],['Danmark'],['København'],"['Danish', '\n']"
['Djibouti'],['Djibouti'],"['Jībūtī', 'جيبوتي', 'Djibouti', 'Jabuuti', 'Gabuuti']","['Jībūtī', 'جيبوتي', 'Djibouti', 'Jabuuti', 'Gabuuti']","['Arabic', '(', 'Arabic script', ')', 'French', 'Somali', 'Afar', '\n']"
['Dominica'],['Roseau'],['Dominica'],['Roseau'],"['English', '\n']"
['Dominican Republic'],['Santo Domingo'],['República Dominicana'],['Santo Domingo'],"['Spanish', '\n']"
[],[],[],[],[]
['East Timor'],['Díli'],"[""Timor Lorosa'e"", 'Timor-Leste']","['Díli', 'Díli']","['Tetum', 'Portuguese', '\n']"
['Ecuador'],['Quito'],['Ecuador'],['Quito'],"['Spanish', '\n']"
['Egypt'],['Cairo'],"['Misr', ' or ', 'Masr', 'مصر']","['Al-Qāhirah', 'القاهرة']","['Arabic', '(', 'Arabic script', ')\n']"
['El Salvador'],['San Salvador'],['El Salvador'],['San Salvador'],"['Spanish', '\n']"
['Equatorial Guinea'],['Malabo'],"['Guinea Ecuatorial', 'Guinée équatoriale', 'Guiné Equatorial']","['Malabo', 'Malabo', 'Malabo']","['Spanish', 'French', 'Portuguese', '\n']"
['Eritrea'],['Asmara'],"['Iritriya', 'إرتريا', 'Ertra', 'ኤርትራ']","['Asmaraa', 'أسمرا', 'Asmära', 'አሥመራ']","['Arabic', '(', 'Arabic script', ')', 'Tigrinya', '(', ""Ge'ez script"", ')\n']"
['Estonia'],['Tallinn'],['Eesti'],['Tallinn'],"['Estonian', '\n']"
['Eswatini'],['Mbabane'],"['Eswatini', 'eSwatini']","['Mbabane', 'Mbabane']","['English', 'Swazi', '\n']"
['Ethiopia'],['Addis Ababa'],"[""Ityop'ia"", 'ኢትዮጵያ']","['Addis Abäba', 'አዲስ አበ']","['Amharic', '(', ""Ge'ez script"", ')\n']"
[],[],[],[],[]
['Falkland Islands'],['Stanley'],['Falkland Islands'],['Stanley'],"['English', '\n']"
['Faroe Islands'],['Tórshavn'],"['Føroyar', 'Færøerne']","['Tórshavn', 'Thorshavn']","['Faroese', 'Danish', '\n']"
['Fiji'],['Suva'],"['Fiji', 'Viti', 'फ़िजी']","['Suva', 'Suva', 'Suva']","['English', 'Fijian', 'Fiji Hindi', '\n']"
['Finland'],['Helsinki'],"['Suomi', 'Finland']","['Helsinki', 'Helsingfors']","['Finnish', 'Swedish', '\n']"
['France'],['Paris'],['France'],['Paris'],"['French', '\n']"
['French Guiana'],['Cayenne'],['Guyane'],['Cayenne'],"['French', '\n']"
['French Polynesia'],['Papeete'],['Polynésie française'],['Papeete'],"['French', '\n']"
[],[],[],[],[]
['Gabon'],['Libreville'],['République gabonaise'],['Libreville'],"['French', '\n']"
['The Gambia'],['Banjul'],['The Gambia'],['Banjul'],"['English', '\n']"
['Georgia'],['Tbilisi'],"[""Sak'art'velo"", 'საქართველო']","['Tbilisi', 'თბილისი']","['Georgian', '(', 'Georgian alphabet', ')\n']"
['Germany'],['Berlin'],['Deutschland'],['Berlin'],"['German', '\n']"
['Ghana'],['Accra'],"['Ghana', 'Gaana', 'Gana', 'Gana']","['Accra', 'Nkran', 'Nkran', 'Accra']","['English', 'Akan', 'Twi', 'Ewe', '\n']"
['Gibraltar'],['Gibraltar'],['Gibraltar'],['Gibraltar'],"['English', '\n']"
['Greece'],['Athens'],"['Hellas', 'Ελλάς', ' or ', 'Ellada', 'Ελλάδα']","['Athinai', 'Αθήναι', ' or ', 'Athina', 'Αθήνα']","['Greek', '(', 'Greek alphabet', ')\n']"
['Greenland'],['Nuuk'],"['Kalaallit Nunaat', 'Grønland']","['Nuuk', 'Godthåb']","['Greenlandic', 'Danish', '\n']"
['Grenada'],"[""St. George's""]",['Grenada'],"[""St. George's""]","['English', '\n']"
['Guadeloupe'],['Basse-Terre'],['Guadeloupe'],['Basse-Terre'],"['French', '\n']"
['Guam'],"['Hagåtña', 'formerly', ' Agaña']","['Guam', 'Guåhån']","['Hagåtña', 'Hagåtña']","['English', 'Chamorro', '\n']"
['Guatemala'],['Guatemala City'],['Guatemala'],['Ciudad de Guatemala'],"['Spanish', '\n']"
['Guernsey'],['Saint Peter Port'],['Guernsey'],['Saint Peter Port'],"['English', '\n']"
['Guinea'],['Conakry'],"['Guinée', 'Gine', 'Gine']","['Conakry', 'Kɔnakiri', 'Konakiri']","['French', 'Maninka', ', ', 'Susu', 'Pular', '\n']"
['Guinea-Bissau'],['Bissau'],['Guiné-Bissau'],['Bissau'],"['Portuguese', '\n']"
['Guyana'],['Georgetown'],['Guyana'],['Georgetown'],"['English', '\n']"
[],[],[],[],[]
['Haiti'],['Port-au-Prince'],"['Haïti', 'Ayiti']","['Port-au-Prince', 'Pòtoprens']","['French', 'Haitian Creole', '\n']"
['Honduras'],['Tegucigalpa'],['Honduras'],['Tegucigalpa'],"['Spanish', '\n']"
['Hong Kong'],['Hong Kong'],"['Hong Kong', 'Heung Gong', '香港']","['Hong Kong', 'Heung Gong', '香港']","['English', 'Cantonese', '(', 'Traditional Chinese characters', ')\n']"
['Hungary'],['Budapest'],['Magyarország'],['Budapest'],"['Hungarian', '\n']"
[],[],[],[],[]
['Iceland'],['Reykjavík'],['Ísland'],['Reykjavík'],"['Icelandic', '\n']"
['India'],['New Delhi'],"['Bhārôt', 'ভাৰত', 'Bhārôt', 'ভারত', 'India', 'Bhārat', 'ભારત', 'Bhārat', 'भारत', 'Bhārata', 'ಭಾರತ', 'Bhārat', 'भारत', 'Bhāratam', 'ഭാരതം', 'Bhārat', 'भारत', 'Bhārat', 'भारत', 'Bhārata', 'ଭାରତ', 'Bhārat', 'ਭਾਰਤ', 'Bhāratam', 'भारतम्', 'Bāratam', 'பாரதம்', 'Bhāratadēśam', 'భారతదేశం']","['Nôtun Dillī', 'নতুন দিল্লী', 'Nôtun Dillī', 'নতুন দিল্লী', 'New Delhi', 'Navī Dilhī', 'નવી દિલ્હી', 'Naī Dillī', 'नई दिल्ली', 'Navadehalī', 'ನವದೆಹಲಿ', 'Navī Dillī', 'नवी दिल्ली', 'Nyūḍalhi', 'ന്യൂഡല്ഹി', 'Navī Dillī', 'नवी दिल्ली', 'Nayã Dillī', 'नयाँ दिल्ली', 'Nūā Dillī', 'ନୂଆ ଦିଲ୍ଲୀ', 'Navĩ Dillī', 'ਨਵੀਂ ਦਿੱਲੀ', 'Navadehalī', 'नवदेहली', 'Pududilli', 'புது தில்லி', 'Krottaḍhillī', 'క్రొత్తఢిల్లీ']","['Assamese', '(', 'Assamese script', ')', 'Bengali', '(', 'Bengali script', ')', 'English', 'Gujarati', '(', 'Gujarati script', ')', 'Hindi', '(', 'Devanagari script', ')', 'Kannada', '(', 'Kannada script', ')', 'Konkani', '(', 'Devanagari script', ')', 'Malayalam', '(', 'Malayalam script', ')', 'Marathi', '(', 'Devanagari script', ')', 'Nepali', '(', 'Devanagari script', ')', 'Odia', '(', 'Odia script', ')', 'Punjabi', '(', 'Gurmukhi script', ')', 'Sanskrit', '(', 'Devanagari script', ')', 'Tamil', '(', 'Tamil script', ')', 'Telugu', '(', 'Telugu script', ')\n']"
['Indonesia'],['Jakarta'],['Indonesia'],['Jakarta'],"['Indonesian', '\n']"
['Iran'],['Tehran'],"['Īrān', 'ایران', '\n']","['Tehrān', 'تهران']","['Persian', '(', 'Persian script', ')\n']"
['Iraq'],['Baghdad'],"[""Al-'Iraq"", 'العراق', 'Êraq', ' ', 'عێراق']","['Baghdad', 'بغداد', 'Bexda', 'بەغدا']","['Arabic', '(', 'Arabic script', ')', 'Kurdish', '\n']"
['Ireland'],['Dublin'],"['Éire', 'Ireland']","['Baile Átha Cliath', 'Dublin']","['Irish', 'English', '\n']"
['Isle of Man'],['Douglas'],"['Isle of Man', 'Ellan Vannin']","['Douglas', 'Doolish']","['English', 'Manx', '\n']"
['Israel'],"['Jerusalem', ' (declared)', '[a]']","[""Yisra'el"", 'ישראל', 'Israʼiyl', 'إسرائيل', '\n']","['Yerushalayim', 'ירושלים', 'Al-Quds', 'القُدس']","['Hebrew', '(', 'Hebrew script', ')', 'Arabic', '(', 'Arabic script', ')\n']"
['Italy'],['Rome'],['Italia'],['Roma'],"['Italian', '\n']"
[],[],[],[],[]
['Jamaica'],['Kingston'],['Jamaica'],['Kingston'],"['English', '\n']"
['Japan'],['Tokyo'],"['Nihon', 'Nippon', '日本']","['Tōkyō', '東京']","['Japanese', '(', 'Japanese characters', ')\n']"
['Jersey'],['St. Helier'],"['Jersey', 'Jersey', 'Jèrri']","['St. Helier', 'Saint Hélier', 'Saint Hélyi']","['English', 'French', 'Jèrriais', '\n']"
['Jordan'],['Amman'],"['Al-’Urdun', 'الأردن']","['‘Ammān', 'عمان']","['Arabic', '(', 'Arabic script', ')\n']"
[],[],[],[],[]
['Kazakhstan'],['Astana'],"['Qazaqstan', 'Қазақстан', 'Kazakhstán', 'Казахстан']","['Astana', 'Астана', 'Astana', 'Астана']","['Kazakh', '(', 'Cyrillic script', ')', 'Russian', '(', 'Cyrillic script', ')\n']"
['Kenya'],['Nairobi'],['Kenya'],['Nairobi'],"['English', ', ', 'Swahili', '\n']"
['Kiribati'],"['Tarawa', '[13]']",['Kiribati'],['Tarawa'],"['English', ', ', 'Gilbertese', '\n']"
['North Korea'],['Pyongyang'],"['Chosŏn', ' ', 'as called in NK', '조선', ' / ', '朝鮮', 'Bukchosŏn', '북조선']","[""P'yŏngyang"", '평양', ' / ', '平壌']","['Korean', '(', 'Hangul', '/', 'Hanja', ')\n']"
['South Korea'],['Seoul'],"['Hanguk', ' ', 'as called in SK', '한국', ' / ', '韓國', 'Namhan', '남한']","['Seoul', '서울']","['Korean', '(', 'Hangul', '/', 'Hanja', ')\n']"
[],['Pristina'],"['Kosova', 'Kosovo', 'Косово']","['Prishtinë', 'Priština', 'Приштина']","['Albanian', ' ', ' ', 'Serbian', ' (', 'Latin', ') ', ' ', 'Serbian', ' (', 'Cyrillic', ')\n']"
['Kuwait'],['Kuwait City'],"['Dawlat ul-Kuwayt', 'دولة الكويت', 'il-ikwet', 'الكويت']","['Madiinat ul-Kuwayt', 'مدينة الكويت', 'id-diira', 'الديرة']","['Arabic', ' (Official)', '(', 'Arabic script', ')', ' ', 'Kuwaiti Gulf Arabic', ' (native)', '(', 'Arabic script', ')\n']"
['Kyrgyzstan'],['Bishkek'],"['Kyrgyzstan', 'Кыргызстан', 'Kyrgyzstan', 'Кыргызстан']","['Bishkek', 'Бишкек', 'Bishkek', 'Бишкек']","['Kyrgyz', '(', 'Cyrillic script', ')', 'Russian', '(', 'Cyrillic script', ')\n']"
[],[],[],[],[]
['Laos'],['Vientiane'],"['Lao', 'ປະເທດລາວ']","['Vientiane, Vieng Chan', ', or ', 'Wīang Chan', 'ວຽງຈັນ']","['Lao', 'Lao alphabet', '\n']"
['Latvia'],['Riga'],['Latvija'],['Rīga'],"['Latvian', '\n']"
['Lebanon'],['Beirut'],"['Lubnān', 'لبنان', 'Liban']","['Bayrūt', 'بيروت', 'Beyrouth']","['Arabic', '(', 'Arabic script', ')\n', 'French', '\n', '\n']"
['Lesotho'],['Maseru'],['Lesotho'],['Maseru'],"['Sesotho', ', ', 'English', '\n']"
['Liberia'],['Monrovia'],['Liberia'],['Monrovia'],"['English', '\n']"
['Libya'],['Tripoli'],"['Libya', 'ⵍⵉⴱⵢⴰ', 'Lībiyā', 'ليبيا']","['Ṭrables', 'ⵟⵔⴰⴱⵍⴻⵙ', 'Tarabulus', 'طرابلس']","['Berber language', '(', 'Tifinagh script', ')', 'Arabic', '(', 'Arabic script', ')\n']"
['Liechtenstein'],['Vaduz'],['Liechtenstein'],['Vaduz'],"['German', '\n']"
['Lithuania'],['Vilnius'],['Lietuva'],['Vilnius'],"['Lithuanian', '\n']"
['Luxembourg'],['Luxembourg'],"['Lëtzebuerg', 'Luxemburg', 'Luxembourg']","['Lëtzebuerg', 'Luxemburg', 'Luxembourg']","['Luxembourgish', 'German', 'French', '\n']"
[],[],[],[],[]
['Macau'],['Macau'],"['Oumún', '澳門', 'Macau']","['Oumún', '澳門', 'Macau']","['Cantonese', '(', 'Traditional Chinese characters', ')', 'Portuguese', '\n']"
['Madagascar'],['Antananarivo'],"['Madagasikara', 'Madagascar']","['Antananarivo', 'Antananarivo/Tananarive']","['Malagasy', 'French', '\n']"
['Malawi'],['Lilongwe'],"['Malawi', 'Malaŵi']","['Lilongwe', 'Lilongwe']","['English', 'Chichewa', '\n']"
['Malaysia'],['Kuala Lumpur'],['Malaysia'],['Kuala Lumpur'],"['Malay', '\n']"
['Maldives'],['Malé'],"['Dhivehi Raajje', 'ދިވެހިރާއްޖެ']","['Malé', 'މާލެ']","['Dhivehi', '(', 'Thaana script', ')\n']"
['Mali'],['Bamako'],['Mali'],['Bamakɔ'],"['Bambara', '\n']"
['Malta'],['Valletta'],"['Malta', 'Malta']","['Valletta', ' or ', 'Il-Belt Valletta', 'Valletta', '\n']","['Maltese', 'English', '\n']"
['Marshall Islands'],['Majuro'],"['Marshall Islands', 'Aorōkin Ṃajeḷ']","['Majuro', 'Mājro']","['English', ' ', 'Marshallese', '\n']"
['Martinique'],['Fort-de-France'],['Martinique'],['Fort-de-France'],"['French', '\n']"
['Mauritania'],['Nouakchott'],"['Muritan / Agawec', 'ⵎⵓⵔⵉⵜⴰⵏ / ⴰⴳⴰⵡⵛ', 'Mūrītānyā', 'موريتانيا']","['Nwakcuṭ / anu ukcuḍ', 'ⵏⵡⴰⴽⵛⵓⵟ / ⴰⵏⵓ ⵓⴽⵛⵓⴹ', 'nwakšūṭ', 'نواكشوط / أنو ؤكشوض']","['Berber language', '(', 'Tifinagh script', ')', 'Arabic', '(', 'Arabic script', ')\n']"
['Mauritius'],['Port Louis'],"['Mauritius', 'Maurice', 'Moris']","['Port Louis', 'Port-Louis', 'Porlwi']","['English', 'French', 'Mauritian Creole', '\n']"
['Mayotte'],['Mamoudzou'],"['Mayotte', 'Maore']","['Mamoudzou', 'Momoju']","['French', 'Shimaore', '\n']"
['Mexico'],['Mexico City'],"['México', 'Mēxihco', '\n']","['Ciudad de México', 'Āltepētl Mēxihco']","['Spanish', 'Nahuatl', '\n']"
['Federated States of Micronesia'],['Palikir'],['Federated States of Micronesia'],['Palikir'],"['English', '\n']"
['Moldova'],['Chișinău'],['Moldova'],['Chișinău'],"['Romanian', '\n']"
['Monaco'],['Monaco'],"['Monaco', 'Múnegu']","['Monaco', 'Múnegu']","['French', 'Monégasque', '\n']"
['Mongolia'],['Ulaanbaatar'],"['Mongol Uls', 'Монгол Улс', '.mw-parser-output .font-mong{font-family:""Menk Hawang Tig"",""Menk Qagan Tig"",""Menk Garqag Tig"",""Menk Har_a Tig"",""Menk Scnin Tig"",""Oyun Gurban Ulus Tig"",""Oyun Qagan Tig"",""Oyun Garqag Tig"",""Oyun Har_a Tig"",""Oyun Scnin Tig"",""Oyun Agula Tig"",""Mongolian Baiti"",""Noto Sans Mongolian"",""Mongolian Universal White"",""Mongol Usug"",""Mongolian White"",""MongolianScript"",""Code2000"",""Menksoft Qagan""}.mw-parser-output .font-mong-mnc,.mw-parser-output .font-mong:lang(mnc-Mong),.mw-parser-output .font-mong:lang(dta-Mong),.mw-parser-output .font-mong:lang(sjo-Mong){font-family:""Abkai Xanyan"",""Abkai Xanyan LA"",""Abkai Xanyan VT"",""Abkai Xanyan XX"",""Abkai Xanyan SC"",""Abkai Buleku"",""Daicing White"",""Mongolian Baiti"",""Noto Sans Mongolian"",""Mongolian Universal White""}', 'ᠮᠤᠩᠭᠤᠯ', 'ᠤᠯᠤᠰ']","['Ulaanbaatar', 'Улаанбаатар', 'ᠤᠯᠠᠭᠠᠨᠪᠠᠭᠠᠲᠤᠷ']","['Mongolian', '(', 'Cyrillic script', ')', '(', 'Mongol script', ')\n']"
['Montenegro'],['Podgorica'],"['Crna Gora', 'Црна Гора']","['Podgorica', 'Подгорица']","['Montenegrin', '\n']"
['Montserrat'],"['Brades Estate', '[15]']",['Montserrat'],['Brades Estate'],"['English', '\n']"
['Morocco'],['Rabat'],"['Amerruk / Elmeɣrib', 'ⴰⵎⵔⵔⵓⴽ / ⵍⵎⵖⵔⵉⴱ', 'Al-maɣréb', 'المغرب']","['Errbaṭ', 'ⵔⵔⴱⴰⵟ', 'Ar-ribaaṭ', 'الرباط']","['Berber language', '(', 'Tifinagh script', ')', 'Arabic', '(', 'Arabic script', ')\n']"
['Mozambique'],['Maputo'],['Moçambique'],['Maputo'],"['Portuguese', '\n']"
['Myanmar'],['Naypyidaw'],"['Myanma', 'မြန်မာ']","['Nay Pyi Taw', 'နေပြည်တော်']","['Burmese', '(', 'Burmese alphabet', ')\n']"
[],[],[],[],[]
['Namibia'],['Windhoek'],"['Namibia', 'Namibia', 'Namibië', 'Namibia', 'Namibia']","['Windhoek', 'Windhuk', 'Windhoek', '/Ae-//Gams', 'Otjomuise']","['English', 'German', 'Afrikaans', 'Damara/Nama', 'Herero', '\n']"
['Nauru'],"['Yaren', ' (de facto)', '[16]']","['Nauru', 'Naoero']","['Yaren', 'Yaren']","['English', 'Nauruan', '\n']"
['Nepal'],['Kathmandu'],"['Nepāl', 'नेपाल']","['Kāṭhamāṇḍaũ', 'काठमाण्डौं']","['Nepali', '(', 'Devanagari script', ')\n']"
['Netherlands'],['Amsterdam'],"['Nederland', 'Nederlân']","['Amsterdam', 'Amsterdam']","['Dutch', 'West Frisian', '\n']"
['New Caledonia'],['Nouméa'],['Nouvelle-Calédonie'],['Nouméa'],"['French', '\n']"
['New Zealand'],['Wellington'],"['New Zealand', 'Aotearoa']","['Wellington', 'Poneke/Te Whanganui-a-Tara']","['English', 'Māori', '\n']"
['Nicaragua'],['Managua'],['Nicaragua'],['Managua'],"['Spanish', '\n']"
['Niger'],['Niamey'],['Niger'],['Niamey'],"['French', '\n']"
['Nigeria'],['Abuja'],"['Nigeria', 'Nijeriya', 'Naìjíríyà', 'Nàìjíríà']","['Abuja', 'Abuja', 'Abuja', 'Àbújá']","['English', 'Hausa', 'Igbo', 'Yoruba', '\n']"
[],['Alofi'],"['Niuē', 'Niue']","['Alofi', 'Alofi']","['Niuean', 'English', '\n']"
['Norfolk Island'],['Kingston'],"['Norfolk Island', ""Norf'k Ailen""]","['Kingston', 'Kingston']","['English', 'Norfuk', '\n']"
['North Macedonia'],['Skopje'],"['Severna Makedonija', 'Северна Македонија', 'Maqedonia e Veriut', '\n']","['Skopje', 'Скопје', 'Shkup', '\n']","['Macedonian', '(', 'Cyrillic script', ')', 'Albanian', '\n']"
['Northern Mariana Islands'],['Saipan'],"['Northern Mariana Islands', 'Notte Mariånas']","['Saipan', 'Saipan']","['English', 'Chamorro', '\n']"
['Norway'],['Oslo'],"['Norge', 'Noreg', 'Norga', 'Vuodna', 'Nöörje']","['Oslo', 'Oslo', 'Oslo', 'Oslo', 'Oslo']","['Norwegian', ' ', 'Bokmål', 'Norwegian', ' ', 'Nynorsk', 'Northern Sámi', 'Lule Sámi', 'Southern Sámi', '\n']"
[],[],[],[],[]
['Oman'],['Muscat'],"['‘Umān', 'عُمان']","['Masqaṭ', 'مسقط']","['Arabic', '(', 'Arabic script', ')\n']"
[],[],[],[],[]
['Pakistan'],['Islamabad'],"['Pakistan', 'Pākistān', 'پاکستان']","['Islamabad', 'Islāmabād', 'اسلام\u200cاباد']","['English', 'Urdu', '(', 'Arabic script [Nastaʿlīq hand]', ')\n']"
['Palau'],['Ngerulmud'],"['Belau', 'Palau']","['Ngerulmud', 'Ngerulmud']","['English', 'Palauan', '\n']"
[],"['East Jerusalem', ' (declared) ', ' ', 'Ramallah', ' (administrative capital)', '[b]']","['Filasṭīn', 'فلسطين', '\n']","['Al-Quds Al-Sharqit', 'القدس الشرقية', 'Rāmallāh', 'رام الله']","['Arabic', '(', 'Arabic script', ')\n']"
['Panama'],['Panama City'],['Panamá'],['Ciudad de Panamá'],"['Spanish', '\n']"
['Papua New Guinea'],['Port Moresby'],"['Papua New Guinea', 'Papua Niugini', 'Papua Niu Gini']","['Port Moresby', 'Pot Mosbi', 'Pot Mosbi']","['English', 'Tok Pisin', 'Hiri Motu', '\n']"
['Paraguay'],['Asunción'],"['Paraguay', 'Paraguái']","['Asunción', 'Paraguay']","['Spanish', 'Guaraní', '\n']"
['Peru'],['Lima'],"['Perú', 'Piruw']","['Lima', 'Lima']","['Spanish', 'Quechua', '/', 'Aymara', '\n']"
['Philippines'],['Manila'],"['Pilipinas', 'Philippines']","['Maynila', 'Manila', '\n']","['Filipino', 'English', '\n']"
['Pitcairn Islands'],['Adamstown'],"['Pitcairn Islands', 'Pitkern Ailen']","['Adamstown', 'Adamstown']","['English', 'Pitcairnese', '\n']"
['Poland'],['Warsaw'],['Polska'],['Warszawa'],"['Polish', '\n']"
['Portugal'],['Lisbon'],['Portugal'],['Lisboa'],"['Portuguese', '\n']"
['Puerto Rico'],['San Juan'],['Puerto Rico'],['San Juan'],"['English', ', ', 'Spanish', '\n']"
[],[],[],[],[]
['Qatar'],['Doha'],"['Qaṭar', 'قطر']","['Ad-Dawḥah', 'الدوحة']","['Arabic', '(', 'Arabic script', ')\n']"
[],[],[],[],[]
['Réunion'],['Saint-Denis'],['La Réunion'],['Saint-Denis'],"['French', '\n']"
['Romania'],['Bucharest'],['România'],['București'],"['Romanian', '\n']"
['Russia'],['Moscow'],"['Rossiya', ' or ', 'Rossiâ', 'Россия', '[5]']","['Moskva', 'Москва']","['Russian', '(', 'Cyrillic script', ')\n']"
['Rwanda'],['Kigali'],['Rwanda'],['Kigali'],"['French', ', ', 'Kinyarwanda', ', ', 'Swahili', ', ', 'English', '\n']"
[],[],[],[],[]
['Saba'],['The Bottom'],['Saba'],"['Dutch', '\n']",[]
[],['Laayoune'],"['Al-Jumhūrīyah al-‘Arabīyah aṣ-Ṣaḥrāwīyah ad-Dīmuqrāṭīyah', '\n', 'الجمهورية العربية الصحراوية الديمقراطية', '\n', 'República Árabe Saharaui Democrática', '\n', '\n']","['Al-ʿAyyūn', '\n', 'لعيون', '\n', 'El Aaiún', '\n', '\n']","['Arabic', '(', 'Arabic script', ')', 'Spanish', '\n']"
['Saint Barthélemy'],['Gustavia'],['Saint-Barthélemy'],['Gustavia'],"['French', '\n']"
"['Saint Helena, Ascension and Tristan da Cunha']",['Jamestown'],"['Saint Helena, Ascension and Tristan da Cunha']",['Jamestown'],"['English', '\n']"
['Saint Kitts and Nevis'],['Basseterre'],['Saint Kitts and Nevis'],['Basseterre'],"['English', '\n']"
['Saint Martin'],['Marigot'],['Saint-Martin'],['Marigot'],"['French', '\n']"
['Saint Lucia'],['Castries'],['Saint Lucia'],['Castries'],"['English', '\n']"
['Saint Pierre and Miquelon'],['Saint-Pierre'],['Saint-Pierre et Miquelon'],['Saint-Pierre'],"['French', '\n']"
['Saint Vincent and the Grenadines'],['Kingstown'],['Saint Vincent and the Grenadines'],['Kingstown'],"['English', '\n']"
['Samoa'],['Apia'],"['Samoa', 'Sāmoa']","['Apia', 'Apia']","['English', 'Samoan', '\n']"
['San Marino'],['San Marino'],['San Marino'],['San Marino'],"['Italian', '\n']"
['São Tomé and Príncipe'],['São Tomé'],['São Tomé e Príncipe'],['São Tomé'],"['Portuguese', '\n']"
['Saudi Arabia'],['Riyadh'],"['Al-Mamlaka Al-‘Arabiyyah as Sa‘ūdiyyah', 'المملكة العربية السعودية']","['Ar-Riyāḍ', 'الرياض']","['Arabic', '(', 'Arabic script', ')\n']"
['Senegal'],['Dakar'],"['Sénégal', 'Senegaal']","['Dakar', 'Ndakaaru']","['French', 'Wolof', '\n']"
['Serbia'],['Belgrade'],"['Srbija', 'Србија']","['Beograd', 'Београд']","['Serbian', '(', 'Cyrillic script', ')\n']"
['Seychelles'],['Victoria'],"['Sesel', 'Seychelles', 'Seychelles']","['Victoria', ' or ', 'Port Victoria']","['Seychellois Creole', 'French', 'English', '\n']"
['Sierra Leone'],['Freetown'],['Sierra Leone'],['Freetown'],"['English', '\n']"
['Singapore'],['Singapore'],"['Singapura', 'Singapore', 'Xīnjiāpō', '新加坡', 'Singapur', 'சிங்கப்பூர்']","['Singapura', 'Singapore', 'Xīnjiāpō', '新加坡', 'Singapur', 'சிங்கப்பூர்']","['Malay', 'English', 'Mandarin Chinese', '(', 'Simplified Chinese characters', ')', 'Tamil', '(', 'Tamil script', ')\n']"
['Sint Maarten'],['Philipsburg'],"['Sint Maarten', 'Sint Maarten']","['Philipsburg', 'Philipsburg']","['Dutch', 'English', '\n']"
['Slovakia'],['Bratislava'],['Slovensko'],['Bratislava'],"['Slovak', '\n']"
['Slovenia'],['Ljubljana'],['Slovenija'],['Ljubljana'],"['Slovene', '\n']"
['Solomon Islands'],['Honiara'],"['Solomon Islands', 'Solomon Aelan']","['Honiara', 'Honiala']","['English', 'Neo-Solomonic', '\n']"
['Somalia'],['Mogadishu'],"['Soomaaliya', 'aş-Şūmāl', 'الصومال']","['Muqdisho', 'Maqadīshū', 'مقديشو']","['Somali', 'Arabic', '(', 'Arabic script', ')\n']"
['South Africa'],"['Pretoria', ' (administrative capital), ', 'Cape Town', ' (legislative capital), ', 'Bloemfontein', ', (judicial capital)']","['South Africa', 'Suid-Afrika', 'iNingizimu Afrika', 'uMzantsi Afrika', 'Afrika-Borwa', 'Afrika Borwa', 'Aforika Borwa', 'Afurika Tshipembe', 'Afrika Dzonga', 'iNingizimu Afrika', 'iSewula Afrika']","['Pretoria', ', ', 'Cape Town', 'Pretoria, Kaapstad', 'iPitoli, iKapa', 'iPitoli, iKapa', 'Pretoria', 'Pretoria', 'Pretoria', 'Pretoria', 'Pitori', 'iPitoli', 'iPitori']","['English', 'Afrikaans', 'isiZulu', 'isiXhosa', 'Pedi', 'Sotho', 'Tswana', 'Venda', 'Tsonga', 'Swazi', 'Ndebele', '\n']"
['South Sudan'],['Juba'],"['South Sudan', 'Sudan Kusini', 'Paguot Thudän']","['Juba', 'Juba', 'Juba']","['English', 'Swahili', 'Dinka', '\n']"
['Spain'],['Madrid'],"['España', 'Espanya', 'Espainia', 'Espanha']","['Madrid', 'Madrid', 'Madril', 'Madrid']","['Spanish', ', ', 'Galician', 'Catalan', 'Basque', 'Aranese', ', ', 'Galician (R)', '\n']"
['Sri Lanka'],['Sri Jayawardenapura Kotte'],"['Sri Lankā', 'ශ්\u200dරී ලංකාව', 'இலங்கை']","['Sri Jayawardenapura Kotte', 'ශ්\u200dරී ජයවර්ධනපුර කෝට්ටේ', 'ஶ்ரீ ஜெயவர்த்தனபுரம் கோட்டை']","['Sinhala', 'Tamil', '\n']"
['Sint Eustatius'],['Oranjestad'],"['Sint Eustatius', 'Statia']","['Oranjestad', 'Oranjestad']","['Dutch', 'English', '\n']"
['Sudan'],['Khartoum'],"['As-Sudan', 'السودان']","['Al-Khartûm', 'الخرطوم']","['Arabic', '(', 'Arabic script', ')\n']"
['Suriname'],['Paramaribo'],['Suriname'],['Paramaribo'],"['Dutch', '\n']"
['Svalbard'],['Longyearbyen'],['Svalbard'],['Longyearbyen'],"['Norwegian', '\n']"
['Sweden'],['Stockholm'],['Sverige'],['Stockholm'],"['Swedish', '\n']"
['Switzerland'],"['Bern', ' (de facto)', '[16]']","['Schweiz', 'Suisse', 'Svizzera', 'Svizra']","['Bern', 'Berne', 'Berna', 'Berna']","['German', 'French', 'Italian', 'Romansh', '\n']"
['Syria'],['Damascus'],"['Suriyah', 'سورية']","['Dimashq / Ash-Sham', 'الشام / دمشق']","['Arabic', '(', 'Arabic script', ')\n']"
[],[],[],[],[]
[],['Taipei'],"['Zhōnghuá Mínguó', ' or ', 'Táiwān', '中華民國', ' or ', '臺灣/台灣']","['Táiběi', '臺北/台北']","['Chinese', '(', 'Traditional Chinese characters', ')\n']"
['Tajikistan'],['Dushanbe'],"['Tojikistan', 'Тоҷикистон']","['Dushanbe', 'Душанбе']","['Tajiki-Persian', '(', 'Cyrillic', ')\n']"
['Tanzania'],['Dodoma'],['Tanzania'],['Dodoma'],"['English', ', ', 'Swahili', '\n']"
['Thailand'],['Bangkok'],"['Thai, Prathet Thai, Ratcha-anachak Thai', 'ไทย, ประเทศไทย, ราชอาณาจักรไทย']","['Krung Thep, Krung Thep Maha Nakhon', 'กรุงเทพฯ, กรุงเทพมหานคร']","['Thai', '(', 'Thai script', ')\n']"
['Togo'],['Lomé'],"['Togo', 'Togo', 'Togo']","['Lomé', 'Lome', 'Loma']","['French', 'Ewe', 'Kabiye', '\n']"
['Tokelau'],[],"[' ', 'Tokelau']",[],"['English', ', ', 'Tokelauan', '\n']"
['Tonga'],['Nukuʻalofa'],['Tonga'],['Nukuʻalofa'],"['Tongan', ', ', 'English', '\n']"
['Trinidad and Tobago'],['Port of Spain'],['Trinidad and Tobago'],['Port of Spain'],"['English', '\n']"
['Tunisia'],['Tunis'],"['Tunes', 'ⵜⵓⵏⵙ', 'Tūns', 'تونس']","['Tunes', 'ⵜⵓⵏⵙ', 'Tūns', 'تونس']","['Berber language', '(', 'Tifinagh script', ')', 'Arabic', '(', 'Arabic script', ')\n']"
['Turkey'],['Ankara'],['Türkiye'],['Ankara'],"['Turkish', '\n']"
['Turkmenistan'],['Ashgabat'],['Türkmenistan'],['Aşgabat'],"['Turkmen', '\n']"
['Turks and Caicos Islands'],['Cockburn Town'],['Turks and Caicos Islands'],['Cockburn Town'],"['English', '\n']"
['Tuvalu'],"['Fongafale', ' (in ', 'Funafuti', ')']",['Tuvalu'],['Fongafale'],"['English', ', ', 'Tuvaluan', '\n']"
[],[],[],[],[]
['Uganda'],['Kampala'],['Uganda'],['Kampala'],"['English', ', ', 'Swahili', '\n']"
['Ukraine'],['Kyiv'],"['Ukrajina', 'Україна']","['Kyjiv', 'Київ']","['Ukrainian', '(', 'Cyrillic script', ')\n']"
['United Arab Emirates'],['Abu Dhabi'],"['Al-’Imārat Al-‘Arabiyyah Al-Muttaḥidah', 'الإمارات العربيّة المتّحدة']","['‘Abū ẓabī', 'أبوظبي']","['Arabic', '(', 'Arabic script', ')\n']"
['United Kingdom'],['London'],"['United Kingdom', ' or ', 'Britain', 'Y Deyrnas Unedig', 'Unitit Kinrick', 'Rìoghachd Aonaichte', 'Ríocht Aontaithe', 'An Rywvaneth Unys']","['London', 'Llundain', 'Lunnon', 'Lunnainn', 'Londain', 'Loundres']","['English', 'Welsh', 'Scots', 'Scots Gaelic', 'Irish', 'Cornish', '\n']"
['United States'],"['Washington, D.C.']","['United States', ' or ', 'America', 'Estados Unidos', 'États-Unis', '(multiple names)', '‘Amelika Hui Pū ‘ia']","['Washington, D.C.', ', ', 'Washington', ', or ', 'D.C.', 'Washington D.C.', 'Washington, D.C.', '(multiple names)', 'Wakinekona', '/', 'Wasinetona']","['English', 'Spanish', 'Cajun French', 'Indigenous', 'Hawaiian', '\n']"
['United States Virgin Islands'],['Charlotte Amalie'],['United States Virgin Islands'],['Charlotte Amalie'],"['English', '\n']"
['Uruguay'],['Montevideo'],['Uruguay'],['Montevideo'],"['Spanish', '\n']"
['Uzbekistan'],['Tashkent'],"['O‘zbekiston', 'Ўзбекистон']","['Toshkent', 'Тошкент']","['Uzbek', '(', 'Cyrillic script', ')\n']"
[],[],[],[],[]
['Vanuatu'],['Port Vila'],['Vanuatu'],['Port-Vila'],"['French', '\n']"
['Vatican City'],['Vatican City'],"['Civitas Vaticana', 'Città del Vaticano']","['Civitas Vaticana', 'Città del Vaticano']","['Latin', 'Italian', '\n']"
['Venezuela'],['Caracas'],['Venezuela'],['Caracas'],"['Spanish', '\n']"
['Vietnam'],['Hanoi'],['Việt Nam'],['Hà Nội'],"['Vietnamese', '\n']"
[],[],[],[],[]
['Wallis and Futuna'],['Mata Utu'],"['Wallis-et-Futuna', 'ʻUvea mo Futuna']","['Mata Utu', 'Matāʻutu']","['French', 'Wallisian', 'Futunan', '\n']"
[],[],[],[],[]
['Yemen'],"[""Sana'a""]","['Al-Yaman', 'اليمن']","['Ṣan‘ā’', 'ﺻﻨﻌﺎﺀ']","['Arabic', '(', 'Arabic script', ')\n']"
[],[],[],[],[]
['Zambia'],['Lusaka'],['Zambia'],['Lusaka'],"['English', ', ', 'Bemba', ', ', 'Chewa', '\n']"
['Zimbabwe'],['Harare'],['Zimbabwe'],['Harare'],"['English', ', ', 'Shona', '\n']"
