image_urls,file_paths,name_image,featured_in
https://plus.unsplash.com/premium_photo-1701634706445-d216477cdc17?q=80&w=1032&auto=format&fit=crop&ixlib=rb-4.0.3&ixid=M3wxMjA3fDB8MHxwaG90by1wYWdlfHx8fGVufDB8fHx8fA%3D%3D,premium_photo-1701634706445-d216477cdc17,a blurry image of a pink and blue background,Editorial
https://plus.unsplash.com/premium_photo-1719060852424-e8400d1bbb4b?q=80&w=387&auto=format&fit=crop&ixlib=rb-4.0.3&ixid=M3wxMjA3fDB8MHxwaG90by1wYWdlfHx8fGVufDB8fHx8fA%3D%3D,premium_photo-1719060852424-e8400d1bbb4b,A man in a white suit is holding a string,Editorial
https://plus.unsplash.com/premium_photo-1719243160985-192a57ea945c?q=80&w=812&auto=format&fit=crop&ixlib=rb-4.0.3&ixid=M3wxMjA3fDB8MHxwaG90by1wYWdlfHx8fGVufDB8fHx8fA%3D%3D,premium_photo-1719243160985-192a57ea945c,A close up of a board game with pieces,Editorial
https://plus.unsplash.com/premium_photo-1714674732106-1c00baa1c904?q=80&w=870&auto=format&fit=crop&ixlib=rb-4.0.3&ixid=M3wxMjA3fDB8MHxwaG90by1wYWdlfHx8fGVufDB8fHx8fA%3D%3D,premium_photo-1714674732106-1c00baa1c904,a couple of people sitting in a room,Editorial
https://images.unsplash.com/photo-1719165626474-c7cbb9c6416b?q=80&w=871&auto=format&fit=crop&ixlib=rb-4.0.3&ixid=M3wxMjA3fDB8MHxwaG90by1wYWdlfHx8fGVufDB8fHx8fA%3D%3D,photo-1719165626474-c7cbb9c6416b,A full moon is seen through the clouds,Editorial
https://plus.unsplash.com/premium_photo-1687653078299-ae7fc1453bc4?q=80&w=870&auto=format&fit=crop&ixlib=rb-4.0.3&ixid=M3wxMjA3fDB8MHxwaG90by1wYWdlfHx8fGVufDB8fHx8fA%3D%3D,premium_photo-1687653078299-ae7fc1453bc4,a man and two women walking on the beach,Editorial
https://images.unsplash.com/photo-1719273659346-feb0ae0c38fc?q=80&w=870&auto=format&fit=crop&ixlib=rb-4.0.3&ixid=M3wxMjA3fDB8MHxwaG90by1wYWdlfHx8fGVufDB8fHx8fA%3D%3D,photo-1719273659346-feb0ae0c38fc,A group of people standing outside of a building,"Editorial, Street Photography"
https://images.unsplash.com/photo-1714241759740-75a397e2a174?q=80&w=726&auto=format&fit=crop&ixlib=rb-4.0.3&ixid=M3wxMjA3fDB8MHxwaG90by1wYWdlfHx8fGVufDB8fHx8fA%3D%3D,photo-1714241759740-75a397e2a174,a small green plant in the middle of a desert,"Editorial, Nature, Travel"
https://images.unsplash.com/photo-1719150016704-270c5a0deee4?q=80&w=871&auto=format&fit=crop&ixlib=rb-4.0.3&ixid=M3wxMjA3fDB8MHxwaG90by1wYWdlfHx8fGVufDB8fHx8fA%3D%3D,photo-1719150016704-270c5a0deee4,"A room with a desk, chairs, and a lamp","Editorial, Business & Work"
https://images.unsplash.com/photo-1717361489708-de6167d42293?q=80&w=387&auto=format&fit=crop&ixlib=rb-4.0.3&ixid=M3wxMjA3fDB8MHxwaG90by1wYWdlfHx8fGVufDB8fHx8fA%3D%3D,photo-1717361489708-de6167d42293,a man walking along a beach next to the ocean,Editorial
https://images.unsplash.com/photo-1718248028309-db8540d397c0?q=80&w=870&auto=format&fit=crop&ixlib=rb-4.0.3&ixid=M3wxMjA3fDB8MHxwaG90by1wYWdlfHx8fGVufDB8fHx8fA%3D%3D,photo-1718248028309-db8540d397c0,a series of photos of a man jumping in the air,Editorial
https://images.unsplash.com/photo-1718134292837-ce1963ed20ab?q=80&w=387&auto=format&fit=crop&ixlib=rb-4.0.3&ixid=M3wxMjA3fDB8MHxwaG90by1wYWdlfHx8fGVufDB8fHx8fA%3D%3D,photo-1718134292837-ce1963ed20ab,a cat drinking water from a pool of water,Editorial
https://images.unsplash.com/photo-1719216323699-79e62fbc6a56?q=80&w=387&auto=format&fit=crop&ixlib=rb-4.0.3&ixid=M3wxMjA3fDB8MHxwaG90by1wYWdlfHx8fGVufDB8fHx8fA%3D%3D,photo-1719216323699-79e62fbc6a56,A couple of cows standing on top of a snow covered field,Editorial
https://images.unsplash.com/photo-1718653480001-fac940468c7c?q=80&w=387&auto=format&fit=crop&ixlib=rb-4.0.3&ixid=M3wxMjA3fDB8MHxwaG90by1wYWdlfHx8fGVufDB8fHx8fA%3D%3D,photo-1718653480001-fac940468c7c,A bunch of blue flowers that are in a vase,"Editorial, Pastels"
https://images.unsplash.com/photo-1717501219905-2711c58ab655?q=80&w=1032&auto=format&fit=crop&ixlib=rb-4.0.3&ixid=M3wxMjA3fDB8MHxwaG90by1wYWdlfHx8fGVufDB8fHx8fA%3D%3D,photo-1717501219905-2711c58ab655,a group of hands reaching up into a pile of food,"Editorial, 3D Renders"
https://images.unsplash.com/photo-1719175190794-c9067ca34d69?q=80&w=969&auto=format&fit=crop&ixlib=rb-4.0.3&ixid=M3wxMjA3fDB8MHxwaG90by1wYWdlfHx8fGVufDB8fHx8fA%3D%3D,photo-1719175190794-c9067ca34d69,A woman in a pink bikini on a boat,Editorial
https://images.unsplash.com/photo-1715313165669-75e73d60e662?q=80&w=391&auto=format&fit=crop&ixlib=rb-4.0.3&ixid=M3wxMjA3fDB8MHxwaG90by1wYWdlfHx8fGVufDB8fHx8fA%3D%3D,photo-1715313165669-75e73d60e662,a train traveling over a bridge over a river,"Editorial, Street Photography, Travel"
https://images.unsplash.com/photo-1718223733463-2c3b08ad93ae?q=80&w=387&auto=format&fit=crop&ixlib=rb-4.0.3&ixid=M3wxMjA3fDB8MHxwaG90by1wYWdlfHx8fGVufDB8fHx8fA%3D%3D,photo-1718223733463-2c3b08ad93ae,a bunch of pink flowers that are in a vase,"Editorial, Pastels"
https://images.unsplash.com/photo-1718039006421-81c84b456981?q=80&w=387&auto=format&fit=crop&ixlib=rb-4.0.3&ixid=M3wxMjA3fDB8MHxwaG90by1wYWdlfHx8fGVufDB8fHx8fA%3D%3D,photo-1718039006421-81c84b456981,a blue car parked on the side of the road,"Editorial, Pastels"
https://images.unsplash.com/photo-1718511609335-a261357388a1?q=80&w=387&auto=format&fit=crop&ixlib=rb-4.0.3&ixid=M3wxMjA3fDB8MHxwaG90by1wYWdlfHx8fGVufDB8fHx8fA%3D%3D,photo-1718511609335-a261357388a1,a palm tree on the side of a mountain,"Editorial, Pastels"
https://images.unsplash.com/photo-1718567234348-c5f184c46a23?q=80&w=580&auto=format&fit=crop&ixlib=rb-4.0.3&ixid=M3wxMjA3fDB8MHxwaG90by1wYWdlfHx8fGVufDB8fHx8fA%3D%3D,photo-1718567234348-c5f184c46a23,A couple of boats sitting on top of a beach,"Editorial, Pastels"
https://images.unsplash.com/photo-1719176372917-6c96c3608161?q=80&w=387&auto=format&fit=crop&ixlib=rb-4.0.3&ixid=M3wxMjA3fDB8MHxwaG90by1wYWdlfHx8fGVufDB8fHx8fA%3D%3D,photo-1719176372917-6c96c3608161,A city street filled with lots of tall buildings,"Editorial, Street Photography"
https://plus.unsplash.com/premium_photo-1711174131091-1d0911281e59?q=80&w=870&auto=format&fit=crop&ixlib=rb-4.0.3&ixid=M3wxMjA3fDB8MHxwaG90by1wYWdlfHx8fGVufDB8fHx8fA%3D%3D,premium_photo-1711174131091-1d0911281e59,a man sitting on a table working on a piece of cloth,Editorial
https://images.unsplash.com/photo-1719216324034-2910e4347532?q=80&w=387&auto=format&fit=crop&ixlib=rb-4.0.3&ixid=M3wxMjA3fDB8MHxwaG90by1wYWdlfHx8fGVufDB8fHx8fA%3D%3D,photo-1719216324034-2910e4347532,A town with a mountain in the background,Editorial
